name,status,priority,created
Dolor deserunt ducimus fugiat quia.,done,high,2022.12.13 20:40:13
Nobis dicta voluptate earum.,done,medium,2022.12.18 13:06:24
Similique aliquid ratione laborum.,done,low,2022.04.07 00:18:31
Itaque eaque ipsum illo minus.,open,high,2022.09.23 16:27:26
Culpa culpa suscipit minus quos.,done,medium,2022.10.28 17:57:26
Itaque alias iste impedit.,open,low,2022.09.21 00:34:44
Ipsum beatae laboriosam tempora.,done,high,2023.01.01 11:18:07
Commodi error quam.,done,medium,2022.02.06 22:20:02
Corporis porro error saepe.,done,low,2022.02.26 04:46:40
Necessitatibus optio nulla.,done,medium,2022.10.05 15:56:15
Architecto ea ipsa.,open,medium,2022.10.15 19:52:08
Dignissimos dolorum nulla beatae animi.,open,high,2022.02.24 22:15:58
Pariatur labore fugit impedit.,open,medium,2022.11.14 23:59:13
Ratione sapiente magni accusamus repudiandae.,done,low,2022.12.07 04:56:37
Dignissimos totam error.,done,low,2022.05.02 20:51:57
Ratione ipsa illo nulla.,open,medium,2022.08.20 09:26:49
Laudantium omnis quod sequi.,done,low,2022.10.21 16:59:18
Rem delectus molestiae ipsa est.,open,high,2022.08.16 19:18:09
Aliquid iste aperiam vero officiis.,open,medium,2022.08.22 17:52:43
Ut ipsum ullam ex.,open,low,2022.09.24 20:51:07
Minus repellendus beatae itaque beatae.,open,low,2022.05.20 11:21:05
A dolor voluptatum.,done,low,2022.02.17 12:12:05
Vitae ea a aspernatur.,open,medium,2022.07.31 22:39:45
Culpa cupiditate laboriosam delectus nesciunt.,done,high,2022.04.21 20:47:09
Accusamus sunt voluptatum.,done,medium,2022.07.26 16:35:51
Sed quos repellendus totam quam.,done,medium,2022.05.28 09:37:54
Officiis maiores atque quam.,open,medium,2022.06.03 16:51:53
Cupiditate quia omnis.,open,low,2022.02.15 19:10:55
Commodi iste officia quis.,open,low,2022.05.03 08:02:51
Quo eaque corporis at.,open,high,2023.01.09 15:25:34
Nam fugit optio.,open,low,2022.05.14 17:54:25
Aut ab reprehenderit esse molestias.,open,low,2022.05.04 03:02:11
Assumenda magnam totam dicta asperiores.,open,high,2022.04.20 08:15:36
Iste non corrupti magni occaecati.,done,low,2022.04.04 06:17:38
